source,target,weight
Аввакум,К. Н. Посьет,5
К. И. Лосев,Лосев,5
И. В. Фуругельм,Фуругельм,4
Аввакум,П. А. Тихменев,4
Аввакум,В. А. Корсаков,3
К. Н. Посьет,Крюднер,2
В. А. Римский,Восточной,2
В. А. Римский,Н. Н. Муравьев,2
И. С. Унковский,О. А. Гошкевич,2
Аввакум,Крюднер,2
Аввакум,О. А. Гошкевич,2
Восточной,Лосев,2
В. А. Римский,К. Н. Посьет,2
В. А. Римский,Лосев,2
Крюднер,Шлипенбах,2
Восточной,Н. Н. Муравьев,2
И. С. Унковский,К. Н. Посьет,2
Аввакум,Восточной,2
К. Н. Посьет,О. А. Гошкевич,2
Крюднер,Лосев,2
К. Н. Посьет,Фуругельм,2
К. Н. Посьет,Лосев,2
Крюднер,О. А. Гошкевич,2
А. А. Колокольцев,Шлипенбах,1
Крюднер,Фуругельм,1
Крюднер,Оболенский,1
Крюднер,М. С. Волконский,1
Крюднер,Н. Н. Муравьева,1
Восточной,Н. Н. Муравьева,1
О. А. Гошкевич,Фуругельм,1
Восточной,Крюднер,1
Аввакум,Иакинф,1
Аввакум,Сатсумский,1
А. А. Колокольцев,Крюднер,1
Оболенский,П. А. Тихменевым,1
М. С. Волконский,Оболенский,1
А. А. Болтин,П. А. Тихменева,1
Восточной,Е. В. Путятин,1
Восточной,И. С. Унковский,1
К. Н. Посьет,Н. Н. Муравьев,1
И. П. Белавенеца,Н. Н. Муравьев,1
И. П. Белавенеца,Лосев,1
И. П. Белавенеца,К. Н. Посьет,1
Восточной,К. Н. Посьет,1
Восточной,И. П. Белавенеца,1
В. А. Римский,И. П. Белавенеца,1
Аввакум,Н. Н. Муравьев,1
Аввакум,Лосев,1
Аввакум,И. П. Белавенеца,1
Аввакум,В. А. Римский,1
А. А. Халезова,Н. Н. Муравьев,1
А. А. Халезова,Лосев,1
А. А. Халезова,К. Н. Посьет,1
А. А. Халезова,И. П. Белавенеца,1
А. А. Халезова,Восточной,1
А. А. Халезова,В. А. Римский,1
А. А. Халезова,Аввакум,1
Е. В. Путятин,И. С. Унковский,1
И. С. Унковский,Фуругельм,1
И. В. Фуругельм,К. Н. Посьет,1
И. С. Унковский,Крюднер,1
А. Е. Кроун,И. В. Фуругельм,1
А. Е. Кроун,Аввакум,1
Аввакум,Иоакинф,1
А. Е. Кроун,О. А. Гошкевич,1
К. Н. Посьет,С. П. Шварц,1
Аввакум,С. П. Шварц,1
Восточной,К. И. Лосев,1
К. Н. Посьет,П. А. Тихменев,1
Зеленый,Лосев,1
Зеленый,Крюднер,1
Крюднер,Литке,1
Восточной,Н. Н. Савич,1
В. А. Корсакову,Восточной,1
Крюднер,П. А. Зеленый,1
И. А. Гончарову,Крюднер,1
И. С. Унковский,матрос Фаддееву,1
А. Н. Майков,В. Г. Бенедиктов,1
Аввакум,П. А. Тихменеву,1
А. Е. Кроун,В. А. Корсаков,1
А. Е. Кроун,П. А. Тихменев,1
Лосев,Фуругельм,1
А. Е. Кроун,Фуругельм,1
К. И. Лосев,Фуругельм,1
К. И. Лосев,К. Н. Посьет,1
И. В. Фуругельм,Лосев,1
В. А. Корсаков,Шлипенбах,1
И. В. Фуругельм,К. И. Лосев,1
В. А. Римский,Фуругельм,1
В. А. Римский,К. И. Лосев,1
В. А. Римский,И. В. Фуругельм,1
Крюднер,П. А. Тихменев,1
В. А. Корсаков,Крюднер,1
П. А. Тихменев,Фуругельм,1
И. В. Фуругельм,П. А. Тихменев,1
В. А. Корсаков,Фуругельм,1
В. А. Корсаков,П. А. Тихменев,1
В. А. Корсаков,И. В. Фуругельм,1
Аввакум,Фуругельм,1
Аввакум,И. В. Фуругельм,1
Лосев,Н. Н. Муравьев,1
