person,place,weight
Крюднер,Маниле,10
Аввакум,Китае,9
Крюднер,Англии,7
Аввакум,Маниле,7
Аввакум,Англии,7
Аввакум,Японии,7
Аввакум,Шанхай,7
Крюднер,МАНИЛА — От Лю-чу до Манилы,7
К. Н. Посьет,Едо,6
Восточной,Китае,6
Оболенский,Якутска,5
Аввакум,Кронштадта,5
Аввакум,Пекине,5
К. Н. Посьет,Нагасаки,5
Крюднер,Сингапуре,5
Аввакум,Китая,4
К. Н. Посьет,России,4
К. Н. Посьет,Китае,4
Восточной,Англии,4
К. Н. Посьет,Японии,4
Крюднер,Китае,4
Аввакум,Европы,4
Крюднер,Пассиг,3
Восточной,Охотского,3
Восточной,Нагасаки,3
Аввакум,Едо,3
Восточной,Японии,3
К. Н. Посьет,Шанхай,3
О. А. Гошкевич,Японии,3
Восточной,Кронштадта,3
Крюднер,Посьета,3
Аввакум,Капштате,3
В. А. Корсаков,Шанхай,3
Аввакум,Портсмут,3
Аввакум,Петербурге,3
Крюднер,ОСТРОВА БОНИН-СИМА,3
Восточной,Аян,3
Восточной,Сингапуре,3
Фуругельм,Нагасаки,3
Крюднер,Каннингама,3
Крюднер,Петербурге,3
Аввакум,Кореи,3
Аввакум,Саймонстоун,3
Восточной,Америку,2
Восточной,Яве,2
Крюднер,Зеленого,2
Крюднер,Капштате,2
К. Н. Посьет,Европы,2
Аввакум,Австралии,2
Аввакум,Сингапуре,2
Восточной,Европы,2
О. А. Гошкевич,Посьета,2
Аввакум,Москве,2
Крюднер,Камчатки,2
Крюднер,Бену,2
О. А. Гошкевич,Едо,2
Крюднер,Сандвичевых,2
Крюднер,Лондон,2
Аввакум,Индии,2
Восточной,Гонконге,2
Крюднер,России,2
Восточной,Китайском,2
Фуругельм,Японии,2
К. Н. Посьет,Кичибе,2
Аввакум,Гамильтоне,2
К. И. Лосев,России,2
Лосев,России,2
К. Н. Посьет,Пекине,2
Лосев,Китае,2
Восточной,Маниле,2
Шлипенбах,Маниле,2
Оболенский,Аяне,2
В. А. Римский,России,2
Оболенский,Москве,2
Оболенский,Сибири,2
Оболенский,Лену,2
Восточной,Петербурге,2
В. А. Римский,Кронштадта,2
Н. Н. Муравьев,Кронштадта,2
И. В. Фуругельм,Нагасаки,2
Крюднер,Америку,2
К. Н. Посьет,Кронштадта,2
К. Н. Посьет,Шанхая,2
К. И. Лосев,Нагасаки,2
Лосев,Нагасаки,2
Аввакум,Нагасаки,2
Фуругельм,Шанхай,2
П. А. Зеленый,Африке,2
Аввакум,Шанхая,2
Аввакум,России,2
В. А. Корсаков,Англии,2
А. Е. Кроун,Шанхай,2
В. А. Корсаков,Китае,2
В. А. Корсаков,Японии,2
Крюднер,Шанхай,2
Аввакум,Каннингама,2
Аввакум,Сандвичевых,2
Крюднер,Гошкевича,2
Крюднер,Европы,2
Аввакум,Лондон,2
Шлипенбах,Зунд,2
Шлипенбах,Петербурге,2
Шлипенбах,Дании,2
Крюднер,Москве,2
Крюднер,Японии,2
Шлипенбах,Кронштадта,2
П. А. Тихменев,Кронштадта,2
Восточной,Качатке,1
Восточной,Амура,1
Восточной,Амурский,1
Восточной,Петровском,1
Шлипенбах,Китае,1
Иакинф,Татарском,1
Крюднер,Азией,1
Крюднер,Амура,1
Крюднер,Амурский,1
Крюднер,Аян,1
Восточной,Азией,1
Иакинф,Маниле,1
Иакинф,Сандвичевых,1
Аввакум,Японское море и берег Кореи,1
Восточной,Кореи,1
Аввакум,Броутона,1
О. А. Гошкевич,Броутона,1
О. А. Гошкевич,Гамильтоне,1
О. А. Гошкевич,Маниле,1
О. А. Гошкевич,Нагасаки,1
Аввакум,Ко-ри,1
Крюднер,Охотского,1
Аввакум,Татарском,1
Иакинф,Европы,1
Иакинф,Китае,1
Иакинф,Китая,1
Иакинф,Ко-ри,1
Иакинф,Кореи,1
Крюднер,Качатке,1
Н. Н. Муравьева,Азией,1
Крюднер,Петровском,1
Оболенский,Афанасья,1
М. С. Волконский,Москве,1
М. С. Волконский,Сибири,1
М. С. Волконский,Тимофея,1
М. С. Волконский,Тихменева,1
М. С. Волконский,Якутска,1
Оболенский,Англии,1
Шлипенбах,Камчатки,1
М. С. Волконский,Волгу,1
Оболенский,Волгу,1
Оболенский,Камчатки,1
Шлипенбах,Кавказе,1
Шлипенбах,Индии,1
Оболенский,Тимофея,1
Оболенский,Тихменева,1
М. С. Волконский,Камчатки,1
М. С. Волконский,Аяне,1
Восточной,Борнео,1
Крюднер,Афанасья,1
Н. Н. Муравьева,Амура,1
Н. Н. Муравьева,Амурский,1
Н. Н. Муравьева,Аян,1
Н. Н. Муравьева,Качатке,1
Н. Н. Муравьева,Охотского,1
Н. Н. Муравьева,Петровском,1
Крюднер,Аяне,1
М. С. Волконский,Афанасья,1
Крюднер,Волгу,1
Крюднер,Сибири,1
Крюднер,Тимофея,1
Крюднер,Тихменева,1
Крюднер,Якутска,1
М. С. Волконский,Англии,1
Восточной,Босфора,1
П. А. Тихменев,Англии,1
Восточной,Африке,1
Лосев,Ликейских,1
матрос Кормчин,Австралии,1
матрос Кормчин,Гонконге,1
матрос Кормчин,Европы,1
матрос Кормчин,Сан-Франциско,1
матрос Кормчин,Японии,1
П. А. Тихменева,Невском,1
Лосев,Напе,1
Сатсумский,Пекине,1
Крюднер,Баши,1
Крюднер,Китайском,1
Крюднер,Лю-чу,1
П. А. Тихменева,Кронштадта,1
А. А. Болтин,Портсмут,1
Крюднер,Манильский,1
Сатсумский,Японии,1
Сатсумский,Китая,1
Шлипенбах,Англии,1
И. В. Фуругельм,Чую,1
О. А. Гошкевич,Лионе,1
О. А. Гошкевич,России,1
Симабара,Едо,1
Симабара,Нагасаки,1
И. В. Фуругельм,Меналки,1
И. В. Фуругельм,Напа-Киян,1
И. В. Фуругельм,Японии,1
Сатсумский,Востоке,1
Фуругельм,Меналки,1
Фуругельм,Напа-Киян,1
Фуругельм,Чую,1
Аввакум,XVII,1
Аввакум,Востоке,1
Сатсумский,XVII,1
Крюднер,Манильском,1
А. А. Болтин,Невском,1
Крюднер,Демьена,1
А. А. Колокольцев,Маниле,1
Крюднер,Эскольте,1
Восточной,МАНИЛА — От Лю-чу до Манилы,1
Восточной,Магинданао,1
А. А. Болтин,Кронштадта,1
Восточной,Пассиг,1
А. А. Колокольцев,Гошкевичу,1
А. А. Колокольцев,Японии,1
Крюднер,Парижа,1
Крюднер,Гошкевичу,1
Шлипенбах,Гошкевичу,1
Шлипенбах,Тамбова,1
Шлипенбах,Японии,1
Шлипенбах,Москве,1
Шлипенбах,Лондон,1
Крюднер,Эперне,1
Крюднер,Торжке,1
Крюднер,Тенкате,1
Крюднер,Розарио,1
Крюднер,Невском,1
Крюднер,Волге,1
Лосев,Сингапуре,1
Лосев,Маниле,1
Лосев,МАНИЛА — От Лю-чу до Манилы,1
Лосев,Америку,1
К. И. Лосев,Сингапуре,1
К. И. Лосев,Маниле,1
К. И. Лосев,МАНИЛА — От Лю-чу до Манилы,1
К. И. Лосев,Америку,1
Крюднер,Нинпо,1
Крюднер,Санта-Круц,1
Крюднер,Мигель,1
Восточной,Аравийского,1
П. А. Тихменев,Алдаму,1
К. Н. Посьет,Чусана,1
А. А. Халезова,Иркутска,1
Шлипенбах,Портсмутском,1
Шлипенбах,Франции,1
Шлипенбах,Чуть,1
К. Н. Посьет,Немецком,1
К. Н. Посьет,Симодо,1
А. А. Халезова,Александро-Невской,1
А. А. Халезова,Китае,1
Аввакум,Шилки,1
А. А. Халезова,Кронштадта,1
А. А. Халезова,Пекине,1
А. А. Халезова,Усть-Стрелку,1
А. А. Халезова,Шилки,1
Аввакум,Александро-Невской,1
Аввакум,Иркутска,1
Шлипенбах,Копенгагена,1
Шлипенбах,Копенгаген,1
Шлипенбах,Зунда,1
Н. Н. Муравьев,Татарском,1
Н. Н. Муравьев,России,1
Н. Н. Муравьев,Петербурге,1
Н. Н. Муравьев,Охотского,1
Н. Н. Муравьев,Николаевска,1
Н. Н. Муравьев,Николаевск,1
Крюднер,Киев,1
Н. Н. Муравьев,Китайском,1
Н. Н. Муравьев,Императорской,1
Н. Н. Муравьев,Аян,1
Н. Н. Муравьев,Англии,1
Восточной,Татарском,1
Восточной,России,1
Восточной,Николаевска,1
Аввакум,Усть-Стрелку,1
В. А. Римский,Александро-Невской,1
Восточной,Императорской,1
Лосев,Пекине,1
К. Н. Посьет,Иркутска,1
К. Н. Посьет,Усть-Стрелку,1
К. Н. Посьет,Шилки,1
Лосев,Александро-Невской,1
Лосев,Иркутска,1
Лосев,Кронштадта,1
Лосев,Усть-Стрелку,1
В. А. Римский,Иркутска,1
Лосев,Шилки,1
Н. Н. Муравьев,Александро-Невской,1
Н. Н. Муравьев,Иркутска,1
Н. Н. Муравьев,Китае,1
Н. Н. Муравьев,Пекине,1
Н. Н. Муравьев,Усть-Стрелку,1
К. Н. Посьет,Александро-Невской,1
И. П. Белавенеца,Шилки,1
И. П. Белавенеца,Усть-Стрелку,1
И. П. Белавенеца,Пекине,1
И. П. Белавенеца,Кронштадта,1
И. П. Белавенеца,Китае,1
И. П. Белавенеца,Иркутска,1
И. П. Белавенеца,Александро-Невской,1
Восточной,Шилки,1
Восточной,Усть-Стрелку,1
Восточной,Пекине,1
Восточной,Иркутска,1
Восточной,Александро-Невской,1
В. А. Римский,Шилки,1
В. А. Римский,Усть-Стрелку,1
В. А. Римский,Пекине,1
В. А. Римский,Китае,1
Восточной,Николаевск,1
В. А. Римский,Татарском,1
П. А. Тихменев,Американской,1
К. П. Атласова,Литейную,1
Восточной,Лену,1
Восточной,Парголово,1
Восточной,Руси,1
Восточной,Средней Азии,1
Восточной,Якутска,1
К. П. Атласова,Европы,1
К. П. Атласова,Охотского,1
матрос Сорокин,Охотского,1
К. П. Атласова,России,1
К. П. Атласова,Якутска,1
матрос Сорокин,Азии,1
матрос Сорокин,Америку,1
матрос Сорокин,Джукджуре,1
матрос Сорокин,Китая,1
Восточной,Енисея,1
Оболенский,Усть-Маи,1
П. А. Тихменевым,Якутска,1
П. А. Тихменевым,Петербурге,1
П. А. Тихменевым,Лену,1
П. А. Тихменевым,Иркутска,1
Оболенский,Петербурге,1
Шлипенбах,Австралии,1
Оболенский,Иркутска,1
Оболенский,Нельканской,1
Оболенский,Нелькан,1
Оболенский,Маю,1
Оболенский,Бразилии,1
П. А. Тихменев,Якутска,1
П. А. Тихменев,Охотского,1
П. А. Тихменев,Джукджур,1
П. А. Тихменев,Аяне,1
матрос Сорокин,Ост-Индии,1
матрос Сорокин,Якутска,1
В. А. Римский,Петербурге,1
В. А. Римский,Англии,1
И. С. Унковский,Кронштадта,1
И. С. Унковский,Нагасаки,1
И. С. Унковский,Охотского,1
И. С. Унковский,Петербурге,1
И. С. Унковский,Сан-Франциско,1
И. С. Унковский,Японии,1
В. А. Римский,Аян,1
Никита,Иркутска,1
В. А. Римский,Императорской,1
В. А. Римский,Китайском,1
Крюднер,Кронштадта,1
В. А. Римский,Николаевск,1
В. А. Римский,Николаевска,1
В. А. Римский,Охотского,1
И. С. Унковский,Аян,1
Е. В. Путятин,Японии,1
Е. В. Путятин,Сан-Франциско,1
Е. В. Путятин,Петербурге,1
Е. В. Путятин,Охотского,1
Е. В. Путятин,Нагасаки,1
Е. В. Путятин,Кронштадта,1
Е. В. Путятин,Аян,1
Восточной,Сан-Франциско,1
Оболенский,России,1
Оболенский,Охотского,1
Оболенский,Ледовитого,1
Оболенский,Геденштрома,1
Оболенский,Вилюйский,1
Оболенский,Берлин,1
Никита,Якутска,1
Никита,Сибири,1
О. А. Гошкевич,Китая,1
К. Н. Посьет,Лондон,1
П. А. Тихменева,Портсмут,1
Крюднер,Восточном,1
Аввакум,ОСТРОВА БОНИН-СИМА,1
Крюднер,Бонин-Cима,1
В. Г. Бенедиктов,Азорских,1
А. Н. Майков,Филиппинским,1
А. Н. Майков,Павловск,1
Крюднер,Ситхи,1
А. Н. Майков,Кронштадта,1
Восточной,Тихий,1
Крюднер,Новой Зеландии,1
Крюднер,Пиле,1
Крюднер,Сан-Франциско,1
А. Н. Майков,Китае,1
Литке,Восточном,1
Литке,Лондон,1
Восточной,Формозы,1
Восточной,ОСТРОВА БОНИН-СИМА,1
И. С. Унковский,Едо,1
П. А. Тихменев,России,1
Восточной,Казани,1
В. Г. Бенедиктов,Китае,1
В. Г. Бенедиктов,Зондского,1
П. А. Тихменев,ГОН-КОНГ,1
П. А. Тихменев,Индии,1
П. А. Тихменев,Макао,1
П. А. Тихменев,Сингапуре,1
В. Г. Бенедиктов,Англии,1
Аввакум,ГОН-КОНГ,1
Аввакум,Кантон,1
Аввакум,Макао,1
В. Г. Бенедиктов,Зондский,1
Восточной,Великий,1
В. Г. Бенедиктов,Горна,1
Литке,Новой Зеландии,1
Литке,ОСТРОВА БОНИН-СИМА,1
Литке,Пиле,1
К. Н. Посьет,Бабы,1
А. Н. Майков,Азорских,1
П. А. Тихменев,Чухломе,1
К. Н. Посьет,Излера,1
П. А. Тихменев,Портсмут,1
К. Н. Посьет,Овосавы Бунго-но-ками-сама,1
П. А. Тихменев,Лондон,1
К. Н. Посьет,Святой,1
Литке,Сан-Франциско,1
Аввакум,Чухломе,1
К. Н. Посьет,Льоду,1
К. Н. Посьет,Садагору,1
Крюднер,Кичибе,1
Крюднер,Льоду,1
Крюднер,Садагору,1
Шлипенбах,Петропавловске,1
Шлипенбах,Китая,1
Шлипенбах,Китайском,1
Шлипенбах,Едо,1
Шлипенбах,Александров,1
Восточной,Кемпфера,1
Восточной,Индии,1
Восточной,Бонинсима,1
А. Н. Майков,Англии,1
Восточной,Нипоне,1
А. Н. Майков,Горна,1
А. Н. Майков,Зондский,1
О. А. Гошкевич,Нипоне,1
О. А. Гошкевич,Льоде,1
А. Н. Майков,Зондского,1
О. А. Гошкевич,ОСТРОВА БОНИН-СИМА,1
Литке,Сандвичевых,1
В. Г. Бенедиктов,Кронштадта,1
Восточной,Австралии,1
В. Г. Бенедиктов,Павловск,1
Лосев,Финском,1
О. А. Гошкевич,Европы,1
О. А. Гошкевич,Гренаду,1
Аввакум,Столовой,1
Аввакум,Green Point,1
О. А. Гошкевич,Англии,1
Аввакум,Батавию,1
Аввакум,Льва,1
В. А. Корсакову,Фальсбея,1
Аввакум,Столовую,1
Аввакум,Southsea,1
Аввакум,Капской,1
В. А. Корсакову,Англии,1
В. А. Корсакову,Кавказе,1
В. А. Корсакову,Саймонстоун,1
О. А. Гошкевич,Костроме,1
Крюднер,Устере,1
Крюднер,Псковской,1
Л. А. Попов,Мадере,1
Л. А. Попов,Реперовы,1
Л. А. Попов,Санта-Круц,1
Л. А. Попов,Японии,1
Аввакум,Лисабона,1
Аввакум,Порто-Прайя,1
П. А. Зеленый,Вандика,1
Крюднер,Вандика,1
Крюднер,Африке,1
П. А. Зеленый,Констанской,1
П. А. Зеленый,Капштате,1
П. А. Зеленый,Вандику,1
П. А. Тихменев,Америку,1
П. А. Тихменев,Южному,1
В. А. Корсакову,Северном,1
Лосев,Балтийском,1
Аввакум,Казани,1
П. А. Зеленый,Яве,1
Н. Н. Савич,Страстную,1
Н. Н. Савич,Яве,1
П. А. Зеленый,Анжере,1
П. А. Зеленый,Зама,1
П. А. Зеленый,МЫСА ДОБРОЙ НАДЕЖДЫ,1
П. А. Зеленый,Петербурге,1
Крюднер,Зондских,1
Восточной,Кавказе,1
В. Г. Бенедиктов,Филиппинским,1
Крюднер,Сингапурский,1
Крюднер,Яве,1
И. И. Бутаков,Мекке,1
Крюднер,Елагинском,1
Крюднер,Индии,1
Н. Н. Савич,Малороссии,1
Н. Н. Савич,Мадере,1
Н. Н. Савич,МЫСА ДОБРОЙ НАДЕЖДЫ,1
Н. Н. Савич,Зондский,1
Н. Н. Савич,Атлантическом,1
Н. Н. Савич,Америку,1
Крюднер,Балтийском,1
Восточной,Страстную,1
Восточной,Малороссии,1
Восточной,Мадере,1
Восточной,МЫСА ДОБРОЙ НАДЕЖДЫ,1
Восточной,Зондский,1
Восточной,Атлантическом,1
Крюднер,Финском,1
Восточной,Фальсбея,1
Восточной,Северном,1
Восточной,Саймонстоун,1
Восточной,Востоке,1
Восточной,Едо,1
Восточной,Кичибе,1
Крюднер,Фогу,1
Крюднер,Вусун,1
Крюднер,Английской,1
Крюднер,Портсмут,1
И. В. Фуругельм,Шанхай,1
П. А. Тихменев,Шанхай,1
Крюднер,Фога,1
Аввакум,Америку,1
В. А. Корсаков,Сандвичевых,1
Аввакум,Английский,1
Шлипенбах,Каттегат,1
Аввакум,Соединенных Штатах,1
В. А. Корсаков,Америку,1
В. А. Корсаков,Европы,1
В. А. Корсаков,Каннингама,1
Крюднер,Востоке,1
Крюднер,Венгрии,1
Аввакум,Галлоперским,1
Аввакум,Галлоперского,1
Аввакум,Галлоперскому,1
Фуругельм,Тибета,1
Фуругельм,Сингапуре,1
Аввакум,Голландии,1
Фуругельм,Гонконге,1
Иоакинф,Японии,1
Иоакинф,Шанхай,1
Иоакинф,Финского,1
Иоакинф,Пекине,1
Иоакинф,Лондон,1
Иоакинф,Кяхты,1
Иоакинф,Китае,1
Иоакинф,Капштате,1
В. А. Корсаков,Петербурге,1
В. А. Корсаков,Сингапуре,1
Аввакум,Доггерской,1
К. Н. Посьет,Нагасакский,1
В. А. Корсаков,Каттегат,1
И. В. Фуругельм,Нагасакский,1
И. В. Фуругельм,России,1
К. И. Лосев,Едо,1
К. И. Лосев,Нагасакский,1
В. А. Корсаков,Зунд,1
Лосев,Едо,1
В. А. Корсаков,Соединенных Штатах,1
Лосев,Нагасакский,1
В. А. Корсаков,Дании,1
Фуругельм,Едо,1
Фуругельм,Нагасакский,1
Фуругельм,России,1
П. А. Тихменев,Южного,1
И. В. Фуругельм,Едо,1
В. А. Корсаков,Кронштадта,1
В. А. Римский,Нагасакский,1
В. А. Римский,Нагасаки,1
В. А. Римский,Едо,1
П. А. Тихменев,Янсекиян,1
П. А. Тихменев,Каннингама,1
П. А. Тихменев,Вусуне,1
Крюднер,Янсекиян,1
Крюднер,Вусуне,1
Аввакум,Янсекиян,1
Аввакум,Вусуне,1
В. А. Корсаков,Вусун,1
В. А. Корсаков,Saddle Islands,1
Аввакум,Вусун,1
Аввакум,Saddle Islands,1
Крюднер,Соединенных Штатах,1
Аввакум,Финского,1
Аввакум,Кяхты,1
Восточной,Овосаву,1
Фуругельм,Ушей,1
Лосев,Паппенберга,1
Лосев,Паппенбергу,1
Копейкин,Кронштадта,1
Копейкин,Вайту,1
Копейкин,Вайта,1
Фуругельм,Неве,1
Фуругельм,Финском,1
К. Н. Посьет,Китая,1
Копейкин,Англии,1
П. А. Тихменеву,Портсмут,1
Аввакум,Калифорнии,1
П. А. Тихменеву,Петербурге,1
П. А. Тихменеву,Немецком,1
Аввакум,Яве,1
Копейкин,Монблан,1
К. И. Лосев,Паппенбергу,1
К. И. Лосев,Паппенберга,1
Копейкин,Петербурге,1
Восточной,Паппенбергу,1
Восточной,Паппенберга,1
Чикузен,Японии,1
Чикузен,Шанхая,1
Чикузен,Паппенберг,1
Чикузен,Едо,1
П. А. Тихменев,Кичибе,1
П. А. Тихменев,Китае,1
П. А. Тихменев,Едо,1
Копейкин,Портсмут,1
Аввакум,Кичибе,1
Копейкин,России,1
К. Н. Посьет,Назимова,1
К. Н. Посьет,Калифорнии,1
П. А. Тихменеву,Кронштадта,1
Аввакум,Немецком,1
О. А. Гошкевич,Woosung,1
О. А. Гошкевич,Москве,1
О. А. Гошкевич,Нижнего,1
О. А. Гошкевич,Янсекиян и Шанхай,1
А. Е. Кроун,Woosung,1
П. А. Тихменеву,Галлоперского,1
А. Е. Кроун,Янсекиян,1
О. А. Гошкевич,Шанхай,1
К. Н. Посьет,Яве,1
О. А. Гошкевич,Янсекиян,1
В. А. Корсаков,Зондских,1
П. А. Тихменеву,Галлоперским,1
В. А. Корсаков,Ниппо,1
П. А. Тихменеву,Английский,1
В. А. Корсаков,Шанхая,1
О. А. Гошкевич,Гонконге,1
Аввакум,Янсекиян и Шанхай,1
Аввакум,Нижнего,1
Аввакум,Гонконге,1
С. П. Шварц,Японии,1
С. П. Шварц,Южному,1
С. П. Шварц,Шанхая,1
С. П. Шварц,Шанхай,1
С. П. Шварц,России,1
С. П. Шварц,Горна,1
К. Н. Посьет,Южному,1
П. А. Тихменеву,Галлоперскому,1
К. Н. Посьет,Горна,1
П. А. Тихменеву,Голландии,1
Аввакум,Южному,1
П. А. Тихменеву,Доггерской,1
Аввакум,Горна,1
Н. Н. Муравьев,Шилки,1
